{
  "lang":"en",
  "name":"pipeline",
  "version":"0.0.0",
  "spacy_version":">=3.7.5,<3.8.0",
  "description":"",
  "author":"",
  "email":"",
  "url":"",
  "license":"",
  "spacy_git_version":"a6d0fc360",
  "vectors":{
    "width":0,
    "vectors":0,
    "keys":0,
    "name":null,
    "mode":"default"
  },
  "labels":{
    "transformer":[

    ],
    "ner":[
      "A/G",
      "ADV_EFF",
      "AGE",
      "CANC_T",
      "CARDINAL",
      "DATE",
      "DIAG",
      "DUR",
      "EGY",
      "EMO",
      "EVENT",
      "EXP",
      "FAC",
      "GENDER",
      "GPE",
      "INV",
      "LANGUAGE",
      "LAW",
      "LOC",
      "MED",
      "MET",
      "MHD",
      "MONEY",
      "NORP",
      "NUM",
      "ORDINAL",
      "ORG",
      "PERCENT",
      "PERSON",
      "POB",
      "PPL",
      "PRODUCT",
      "QUANTITY",
      "RES",
      "SIZE",
      "STG",
      "SYM",
      "TIME",
      "TRT",
      "WORK_OF_ART"
    ]
  },
  "pipeline":[
    "transformer",
    "ner"
  ],
  "components":[
    "transformer",
    "ner"
  ],
  "disabled":[

  ],
  "performance":{
    "ents_f":0.5430764856,
    "ents_p":0.6032849021,
    "ents_r":0.493795243,
    "ents_per_type":{
      "STG":{
        "p":0.7083333333,
        "r":0.7611940299,
        "f":0.7338129496
      },
      "CANC_T":{
        "p":0.7363636364,
        "r":0.8307692308,
        "f":0.7807228916
      },
      "POB":{
        "p":0.6221198157,
        "r":0.6650246305,
        "f":0.6428571429
      },
      "SYM":{
        "p":0.5882352941,
        "r":0.2209944751,
        "f":0.3212851406
      },
      "EMO":{
        "p":0.5595238095,
        "r":0.5251396648,
        "f":0.5417867435
      },
      "MET":{
        "p":0.3636363636,
        "r":0.1081081081,
        "f":0.1666666667
      },
      "ORG":{
        "p":0.2352941176,
        "r":0.2962962963,
        "f":0.262295082
      },
      "PPL":{
        "p":0.7265625,
        "r":0.6739130435,
        "f":0.6992481203
      },
      "AGE":{
        "p":0.6101694915,
        "r":0.7058823529,
        "f":0.6545454545
      },
      "DUR":{
        "p":0.2941176471,
        "r":0.1351351351,
        "f":0.1851851852
      },
      "MED":{
        "p":0.5517241379,
        "r":0.5423728814,
        "f":0.547008547
      },
      "INV":{
        "p":0.6237113402,
        "r":0.4600760456,
        "f":0.5295404814
      },
      "TRT":{
        "p":0.6352941176,
        "r":0.6506024096,
        "f":0.6428571429
      },
      "DIAG":{
        "p":0.6,
        "r":0.24,
        "f":0.3428571429
      },
      "SIZE":{
        "p":0.6333333333,
        "r":0.4418604651,
        "f":0.5205479452
      },
      "RES":{
        "p":0.25,
        "r":0.05,
        "f":0.0833333333
      },
      "NUM":{
        "p":0.28125,
        "r":0.2571428571,
        "f":0.2686567164
      },
      "A/G":{
        "p":0.7,
        "r":0.7,
        "f":0.7
      },
      "ADV_EFF":{
        "p":0.2,
        "r":0.0704225352,
        "f":0.1041666667
      },
      "MHD":{
        "p":0.2083333333,
        "r":0.2,
        "f":0.2040816327
      },
      "EXP":{
        "p":0.0,
        "r":0.0,
        "f":0.0
      },
      "GPE":{
        "p":0.6363636364,
        "r":0.6363636364,
        "f":0.6363636364
      },
      "EGY":{
        "p":0.3333333333,
        "r":0.0833333333,
        "f":0.1333333333
      },
      "GENDER":{
        "p":1.0,
        "r":0.1666666667,
        "f":0.2857142857
      }
    },
    "transformer_loss":0.0,
    "ner_loss":6497.2501074434
  }
}